shortName,name,category,price,store,ratings,reviews,reviews_nr
RAZER Orochi V2 ,Razer Orochi V2 Rato Sem Fios Gaming 18000DPI Preto,Perif√©ricos,50.81,PC Componentes,4.7,[],122
Razer Goliathus,Razer Goliathus Chroma Tapete RGB Gaming,Perif√©ricos,40.65,PC Componentes,4.7,[],174
Kingston 480GB A400,Kingston A400 SSD 480GB,Componentes de computador,38.78,PC Componentes,4.7,[],23788
Razer Kraken Kitty,Razer Kraken Kitty Edition Headsets Gaming Rosa,√Åudio,97.99,PC Componentes,4.5,[],249
Logitech M330 SILENT PLUS Wireless Mouse,Logitech M330 Silent Plus Rato Sem Fios Preto 1000DPI,Perif√©ricos,26.42,PC Componentes,4.6,[],247
Intel Core i5-14600KF,Intel Core i5-14600KF 3.5/5.4GHz Box,Componentes de computador,333.42,PC Componentes,4.7,"['Apesar de ser KF, para quem faz stream, e √© gamer, n√£o deixa de ser um √≥timo processador! Atualmente com uma 4060TI rodando em perfeitas condi√ß√µes. Consigo estar at√© com v√°rios jogos abertos! Com 2 monitores o que me ajuda muito na stream.', 'Procesador de primera, excelente calidad y precio, recomiendo la compra', 'Um processador imbat√≠vel pelo seu pre√ßo e com isso digo tudo', 'O processador funciona muito bem, isso √© indiscut√≠vel, mas considero-o caro tendo em conta que um 12600k/kf pode ser encontrado hoje, Janeiro de 2024, por menos 100‚Ç¨, (mais ou menos). E para desempenho bruto na vida real (fora os testes sint√©ticos que s√£o realmente in√∫teis) n√£o h√° muita diferen√ßa en...', '√â uma op√ß√£o s√≥lida para aqueles que procuram um equil√≠brio entre desempenho e pre√ßo na constru√ß√£o do nosso PC. Com uma velocidade base de 3,5 GHz e uma velocidade turbo de at√© 5,4 GHz, este processador oferece excelente desempenho para uma variedade de tarefas, desde jogos at√© multitarefa intensiva....', 'Fica mais quente que um cinzeiro de bingo, mas o desempenho √© muito bom.', 'N√£o recebi o processador, apenas a placa-m√£e, nenhum n√∫mero ou e-mail para entrar em contato com o vendedor.', 'Comprei o processador Intel Core i5-14600KF e minha experi√™ncia tem sido globalmente positiva. Seu desempenho, com velocidades b√°sicas de 3,5 GHz e 5,4 GHz no modo turbo, √© s√≥lido para tarefas di√°rias e jogos. A efici√™ncia energ√©tica, reflectida no seu TDP, √© aceit√°vel. O pre√ßo est√° de acordo com as...', 'He adquirido este procesador para sustituir un procesador que ten√≠a de hace unos 6 a√±os que me estaba dando problemas. De momento est√° funcionando bien y noto que va algo m√°s r√°pido que el que ten√≠a, aunque esto es normal ya que hay un salto generacional significativo. Aunque el precio es un poco el...', 'E agora o rei do PC que eu constru√≠, n√£o vem com gr√°fico nem eu quero, √© que processador maravilhoso pelo pre√ßo que tem, n√£o precisa de mais, com placa-m√£e, gr√°fico, mem√≥ria ram e o resfriamento l√≠quido eu tenho um PC h√° v√°rios anos, muito feliz com todas as compras, exceto a pedra do adaptador vga.', 'Desempenho fant√°stico, fazendo um teste de benchmark com refrigera√ß√£o l√≠quida com 2 ventoinhas, com 14 n√∫cleos e a 5,4 GHz est√° em torno de 78 graus, sim, √© raro chegar a esse extremo, mas para que voc√™ tenha isso em mente.', 'Procesador muy potente sobretodo si es para jugar va sobrado. Lo tengo con una gpu Rtx 4080 super en 2 k y el equilibrio es perfecto sin cuellos de botella.', ""bonjour. C'est un tr√®s bon processeur qui r√©ponde √† toutes les attentes : sois dans les vid√©o jeux, sois en multit√¢ches. Mais rien de vraiment nouveau en comparaison √† la 12eme g√©n√©ration. C'est une 13eme g√©n√©ration boost√©."", 'Ni se despeina , una bestia de CPU , creo que todavia no lo he visto a 100% jeje , recomendable , quizas podria ser mas barato pero bueno la calidad es lo que tiene', 'El procesador rinde bien a pesar de que no traer el ventilador, en la tienda que lo monte le pusieron uno y se queda corto necesita refrigera potente como liquida o los ventiladores grandes']",113
Intel Core i7-14700K,Intel Core i7-14700K 3.4/5.6GHz Box,Componentes de computador,495.04,PC Componentes,4.8,"['Os processadores da 14 gen. A minha opini√£o sincesa √© a seguinte. 20 ou 24 nucleos em que 8 s√£o os que trabalham e os restantes nucleos s√£o acessorios. Os jogos neste momento s√≥ tiram partido de 6 a 8 nucleos o que para j√° estes processadores s√£o suficientes para os jogos actuais. A tendencia d...', 'A diferen√ßa para as gera√ß√µes anteriores √© bastante grande. Tem a vantagem de manter o socket LGA1700', 'Excelentes presta√ß√µes em edi√ß√£o de v√≠deo. O upgrade de n√∫cleos faz algum resultado face ao seu antecessor. Para quem construir uma build do 0, vale a pena.', 'Um processador fera, o √∫nico de 14¬™ gera√ß√£o que melhora seu antecessor (13700K) com quatro n√∫cleos mais eficientes. Al√©m disso, sendo de 14¬™ gera√ß√£o, √© compat√≠vel com o novo software Intel APO que pode atingir at√© 30% de desempenho extra. Tem o mesmo defeito da gera√ß√£o anterior de altas temperaturas...', 'Resumido: Est√° quente, faz com que os dissipadores de calor/refs l√≠quidos trabalhem mais. √â poderoso, mas n√∫cleos eficientes s√£o in√∫teis, especialmente para jogos, eles s√£o in√∫teis. Se voc√™ comparar entre os 13 700k e este, se eles est√£o com pre√ßos parecidos, ent√£o talvez este seja melhor, n√£o sei....', 'Duvidei que fosse a op√ß√£o certa depois de ler alguns coment√°rios negativos sobre consumo e temperatura. Nada poderia estar mais longe da verdade, suponho que esses dados sejam provenientes de colocar seus 20 n√∫cleos na pot√™ncia m√°xima. Com uso regular (e um bom ventilador de CPU), o consumo √© baixo...', 'Con este procesador voy sobradisimo para gaming y productividad b√°sica, con 8 n√∫cleos de los buenos y 12 de los eficientes (ahora ya puedes dejarte abiertas cien pesta√±as en el navegador), unas velocidades excelentes y las temperaturas... a ver, es bastante calentito. Con mi liquida de 360 mm no hay...', 'Refeito e tudo, mas √© uma fera e a coisa mais importante hoje. Se voc√™ vem da 13¬™ gera√ß√£o n√£o h√° necessidade de atualizar para isso, mas se voc√™ vem da 12¬™ gera√ß√£o e mais, √© uma boa op√ß√£o atualizar... ou esperar mais um ou dois anos pela 15¬™ gera√ß√£o. Atende √†s especifica√ß√µes e o PC funciona muito be...', 'Desempenho impressionante, o √∫nico Raptor Lake Refresh que foi salvo de cr√≠ticas negativas. Seu aumento de n√∫cleos e o pequeno aumento de pre√ßo compensam o gasto mesmo que a velocidade n√£o tenha aumentado muito.', 'Uma maravilha. As velocidades de processamento que voc√™ alcan√ßa s√£o incr√≠veis, os processos do computador voam. Jogando AAA, ao baixar e copiar dados ap√≥s a formata√ß√£o, n√£o atingiu 70¬∫C com os ventiladores em 65% e em nenhum momento os processos foram atrasados. A caixa chegou amassada, mas estava e...', 'Potencia de sobras para cualquier juego actual de 2023 y tambi√©n muy r√°pida para cualquier caso habitual en programaci√≥n. Sin embargo tiene un precio exagerado. Mantiene una buena temperatura en reposo, de 30¬∫, cuando estamos a unos 12¬∫, jugando a Horizon Zero Dawn o StarCitizen sube a unos 60¬∫ con ...', 'Venho de um i7 4790K e passar da 4¬™ gera√ß√£o para a 14¬™ √© brutal. Ele come tudo que voc√™ joga nele. Na edi√ß√£o de v√≠deo ou multitarefa, funciona muito bem, e voc√™ sempre pode ajustar as frequ√™ncias para ganhar alguns Hz. Com gr√°ficos integrados, portanto, se voc√™ ficar sem gr√°ficos por qualquer motivo...', 'Excelente opci√≥n, es como un i9 de la anterior generaci√≥n y no se calienta nada he estado jugando a 144 fps 4 horas y se mantiene sin subir de 50¬∫ con una ventilaci√≥n normal, no necesita agua, si no haces OC extremo, con un Noctua lo tengo a 32¬∫ navegando y lo mencionado antes, excelent√≠sima opci√≥n.', 'Com este processador voc√™ n√£o ter√° d√∫vidas que ficar√° aqu√©m por muitos anos, tanto em jogos quanto em produtividade ele √© uma verdadeira fera, √© o √∫nico processador do 14¬∫ que realmente fez uma mudan√ßa (mais 4 n√∫cleos E) que √© percept√≠vel. Eu emparelho-o com um RTX 4090 e tenho GPU e CPU sobrando. M...', 'En mi caso necesito tener muchas ventanas y aplicaciones abiertas al mismo tiempo por trabajo. Este procesador es capaz de gestionarlo sin ralentizarse. Uso refrigeracion liquida y se mantiene estable a 27- 30 grados mientras trabajo. Jugando en algun descanso se ha puesto a 45-50 grados por lo qu...']",101
Razer Sphex V3,Razer Sphex V3 Tapete Large Preto,Perif√©ricos,28.45,PC Componentes,4.3,[],30
ARCTIC Freezer i35 A-RGB,Artic Freezer i35 A-RGB Ventoinha CPU 120mm,Componentes de computador,44.74,PC Componentes,N/A,[],0
SteelSeries Rival 3,Steelseries Rival 3 Rato √ìtico Gaming 8500DPI,Perif√©ricos,37.60,PC Componentes,4.6,"['Rato com bom feel e sensibilidade. Tem personaliza√ß√£o de luzes RGB sem estar necess√°rio bloatware ativo. √ìptimo pelo pre√ßo.', 'Rato leve, preciso, movimentos r√°pidos mas n√£o em demasia. Perfeito', 'Pelo pre√ßo, poucos ratos conseguem competir com ele.', 'Rato que pelo seu pre√ßo √© muito rent√°vel, ao instalar o programa d√°-nos a op√ß√£o de personalizar o rato por diferentes cores e DPI. Junto com a capacidade de gravar clipes com qualidade 1080 no meu caso.', 'Rato muito bom. Ao toque √© como se toc√°ssemos num carro mate (um pouco √°spero) do qual gosto porque sinto que melhora a ader√™ncia. Al√©m disso, √© muito confort√°vel e preciso.', 'A melhor compra que consegui fazer, √© muito pr√°tico e muito manej√°vel e um mouse excepcional para jogos.', 'Bastante recomendable por su calidad precio, un rat√≥n personalizable y c√≥modo de usar ya sea para trabajar o jugar', 'Llevo us√°ndole bastante tiempo y no me a dado ning√∫n problema.', 'Qualidade - Pre√ßo dos melhores que j√° vi no mercado, muito feliz.', 'De momento todo genial, funciona perfectamente y es super comodo.', 'Bons leds e macros personaliz√°veis do mouse ergon√¥mico e sensor preciso perfeito se voc√™ n√£o quer pegar um trabalho abstrato com a m√£o e est√° procurando um bom pre√ßo qualidade tempo', 'O produto em si √© bom, embora n√£o tanto pelo pre√ßo que tem. O movimento e a configura√ß√£o que tem por software √© bom, regul√°vel tanto a sensibilidade quanto os leds, a qualidade das luzes √© bastante boa gostei da verdade, o cabo do mouse √© feito de pl√°stico, enquanto os demais produtos de a√ßos antigo...', 'O mouse pelo pre√ßo que custa √© o melhor que existe, esperava algo pior porque acabei de experimentar outros mouses muito mais caros, mas a verdade √© que √© muito bom. Eu recomendaria se voc√™ gosta de mouses um pouco mais largos que o normal, se n√£o, ent√£o eu recomendaria mais o mini viper. Mesmo assi...', 'Veio de um Logitech G203 que come√ßou a falhar e eu falei ""vamos tentar outros modelos"". Este √© um pouco menor e o formato √© um pouco diferente, mas foi o suficiente para n√£o me sentir confort√°vel. Parecia estranho para a minha m√£o. O cabo tamb√©m √© 30cm mais curto que o G203, o que no meu caso deixou...', 'O mouse com a melhor rela√ß√£o qualidade-pre√ßo de acordo com muitas classifica√ß√µes, e agora que o experimentei h√° v√°rios meses, tamb√©m acho que sim. A √∫nica falha na minha opini√£o pessoal √© que se sua m√£o for muito grande ou voc√™ usar o palm grip completo, o mouse pode ficar um pouco pequeno (eu vim u...']",195
SteelSeries Arctis Nova Pro,SteelSeries Arctis Nova Pro Headset Gaming Multiplataforma,√Åudio,259.21,PC Componentes,3.9,"['Headphones muito bons, vi v√°rias reviews sobre eles e o som √© ainda melhor do que esperava. Altamente customizaveis com a app do sonar para o pc. Eles v√™m com o som bastante flat mas √© depois de mexer no equalizador que a magia acontece.', 'Os fones de ouvido funcionam bem, eles t√™m mais recursos do que meus fones de ouvido anteriores e eu gosto disso (. O fato √© que eu esperava um comportamento diferente na hora de tocar o som. Tentei personalizar o equalizador de software, mas n√£o consegui o som que eu estava procurando Al√©m disso, q...', 'Alguns fones de ouvido com fio que valem a pena. Eles s√£o muito confort√°veis, um dos mais confort√°veis que j√° tive, mesmo que fossem de 50 mm. Seriam melhores, j√° que as orelhas, como voc√™ as tem, s√£o um pouco grandes, √© justo, mas s√£o muito confort√°veis. O som √© muito bom, embora voc√™ tenha que ace...', 'Buenos cascos, con buen software imprescindible si buscas buen sonido con capacidad de edici√≥n del mismo. Lo malo es que por precio tienes cosas casi similares y m√°s econ√≥micas.', 'Boa qualidade de √°udio, bons acabamentos e materiais de boa qualidade. Eles s√£o muito confort√°veis. A quantidade de customiza√ß√£o que ele possui √© incr√≠vel, muitas configura√ß√µes para configurar do seu jeito.', 'Es muy buena opci√≥n por el sonido que ofrece, aunque el micro me vino defectuoso. Son cascos para el competitivo aunque son muy dif√≠cil de entender y configurar os deseo un buen d√≠a, gracias ????', 'Una opci√≥n muy competitiva. Una calidad de audio excelente para unos auriculares de videojuegos. Son realmente c√≥modos.']",10
Logitech G903,Logitech G903 LightSpeed Rato Gaming Sem Fios 25600 DPI,Perif√©ricos,131.50,PC Componentes,5,['raton inalambrico geniall la bateria dura dias y totalmente coxnfigurable'],2
UltraGear 32GN650-B,"LG Ultragear 32GN650-B 31.5"" LED QHD 165Hz FreeSync Premium",Perif√©ricos,278.09,PC Componentes,4.4,"['√â um pouco mais caro que outros monitores, mas tem boa qualidade de imagem. Possui um modo de cor HD que algumas pessoas podem n√£o gostar. Gosto para ver filmes, outros usam para brincar e outra pessoa da fam√≠lia tira porque n√£o gosta. Como pode ser colocado e retirado, n√£o h√° problema.', 'Comprado por 375 euros aprox. 10 meses atr√°s+-.Existem v√°rios coment√°rios sobre este produto. Para assistir v√≠deo √© excelente; cores vivas. Para texto nem tanto; falta nitidez e a rolagem na tela de texto cria um efeito de desfoque, embora n√£o muito. Comprei-o exclusivamente para simula√ß√£o e o efeit...', 'Bom dia, monitor de √≥tima qualidade, brilho e configura√ß√£o muito bons, excelente atendimento e poucos dias no frete.', 'E um passado. Excede em muito as expectativas. E a um bom pre√ßo. √â uma boa compra sem d√∫vida.', 'ES UNA MARAVILLA DE MONITOR...LO RECOMIENDO...NO OS ARREPENTIREIS', 'Bom monitor QHD de gama m√©dia-baixa para jogos. Uma das melhores op√ß√µes se voc√™ preferir a matriz VA.']",11
MSI Gaming GeForce RTX 4060,MSI GeForce RTX 4060 VENTUS 2X BLACK OC 8GB GDDR6 DLSS3,Componentes de computador,315.02,PC Componentes,4.7,"['Cumpre a performance que lhe era atribu√≠da. Bem constru√≠da. Demasiado cara, mas teoricamente atualmente √© a melhor pelo pre√ßo.', 'uma otima placa de video roda tudo junto de um bom processador', 'ja tive um momento que bloqueou e por vezes nao reconhece bem o meu cabo display port. continuo a avaliar para perceber se √© problema e deveria pedir troca', 'Tudo bom, excepto o pre√ßo elevado. De resto excelente, tempo de entrega excepcional', 'Bom pre√ßo qualidade. Entrega super r√°pida. Tudo em boas condi√ß√µes.', 'Entrega rapida. Pre√ßo qualidade muito boa gr√°fica. Recomendo', 'Apesar das cr√≠ticas de algumas pessoas, √© um √≥timo cart√£o. Super fria, baix√≠ssimo consumo (110w no topo) e que move perfeitamente tudo em ultra a 1080p. Se tamb√©m fizermos uso do dlss3 e do gerador de quadros, voc√™ entrar√° em qualquer jogo a mais de 100 fps em ultra ou a mais de 60 fps em 1440p. Em ...', 'N√£o √© o que a maioria das pessoas esperava (basta pesquisar sobre esse lan√ßamento), por√©m para mim √© a melhor op√ß√£o porque:', 'Venho de uma NVIDIA 1650, com a qual fiquei muito feliz e nunca me deu problemas, consegui rodar todos os jogos que queria, sim, fazendo ajustes bem radicais para ter uma experi√™ncia fluida, por exemplo baixando Red Dead Redemption para 720p, suas temperaturas n√£o ultrapassaram 65 graus. Agora que e...', 'O rtx 4060 √© uma nova gera√ß√£o e supera o 3060 e custa em torno de 300 a 500', 'A melhor qualidade gr√°fica atualmente, mant√©m temperaturas muito boas em alta demanda, seu desempenho √© brutal, o dlss3 com gera√ß√£o de quadros significa que voc√™ pode obter uma alta quantidade de fps nos triplos mais exigentes', 'Todo bien, cumple su funci√≥n. Satisfecha con la compra', 'Achei que seria pior mas em 2k ele move quase tudo em alta sem quedas de FPS, suponho por causa de sua tecnologia dlss 3', 'Imaginate de estar con graficos integrados del ryzen 5600G a esta bestia,el salto es abismal.Muy contento,rinde muy bien y los fps una maravilla.La recomiendo!', 'Comprei para poder jogar Starfield e ele me mant√©m entre 60 e 100 FPS. Muito feliz com seu desempenho']",432
Corsair RM850e,Corsair RMe Series RM850e 850W 80 Plus Gold Modular,Componentes de computador,146.86,PC Componentes,4.7,"['Tudo em ordem, servi√ßo impec√°vel. Pre√ßo bastante assertivo tamb√©m', '√ìtimo produto, rapidez na entrega! Recomendo, Muito bom!', 'N√£o se ouve e alimenta o PC como esperado. Vem com todos os cabos esperados para quem monta PC com produtos lan√ßados em 2023.', '√ìtima fonte pelo pre√ßo, f√°cil de instalar e zero ru√≠do!', 'Em conformidade, bem embalado e 100% funcional. Como descrito.', 'N√£o ha muito a dizer, potente e fi√°vel Jd', 'Fujam, seus tolos. Ela afirma ser uma fonte de alimenta√ß√£o de baixo ru√≠do, ou seja, baixo ru√≠do. E sim, quando o ventilador para ele fica silencioso, o ruim √© que o ventilador come√ßa a funcionar a cada 3 ou 4 minutos por um tempo, e parece uma geladeira, muito chato se voc√™ estiver em completo sil√™n...', 'N√£o h√° muito o que comentar, apenas faz muito bem o seu trabalho. Com uma dessas aplica√ß√µes web observei os componentes que iria conectar a ela e a capacidade que precisava e com isso obtive a pot√™ncia que precisava. Basicamente, hesitei em comprar um de 1000 W, mas a verdade √© que teria sido demais...', 'Muy buena, f√°cil montaje, y a un buen precio, a parte es una marca reconocida.', 'La compra del Corsair RMe Series RM850e 850W 80 Plus Gold Modular fue impecable. La eficiencia energ√©tica y la modularidad superaron mis expectativas. La atenci√≥n al cliente fue excepcional, con un proceso de compra intuitivo y una entrega r√°pida. ¬°Sin duda, volver√© por su calidad y servicio!', 'Para mi lo que es mejor es su dise√±o modular y sin ruidos perfecto üíØ', 'Facil de montar y trae un mont√≥n de cables adicionales para que puedas ponerle la configuraci√≥n que mas te convenga', 'Es lo que ped√≠ despu√©s de comparar opciones y funciona sin problemas', 'A melhor rela√ß√£o qualidade/pre√ßo e o facto de ser modular √© perfeito para organizar cabos.', 'Bem, nada a dizer, se voc√™ ama seu computador como ama sua m√£e, coloque uma boa fonte de alimenta√ß√£o nele e pronto. Corsair me parece uma marca muito, muito boa. Eu tenho uma em outro PC h√° 5 anos e ela continua funcionando perfeitamente com quedas de energia e assim por diante. Seu PC permanece lig...']",474
MSI MPG GUNGNIR 110R,MSI MPG Gungnir 110R Vidro Temperado USB 3.0 ARGB Branca,Componentes de computador,144.90,PC Componentes,4.8,[],649
MSI Gaming RTX 4080 Super,MSI GeForce RTX 4080 SUPER VENTUS 3X OC 16GB GDDR6X DLSS3,Componentes de computador,1157.82,PC Componentes,4.9,[],33
CORSAIR VENGEANCE RGB DDR5 RAM 32GB,Corsair Vengeance RGB DDR5 5600MHz 32GB 2x16 GB CL36,Componentes de computador,145.91,PC Componentes,4.7,"['Alta lat√™ncia, mas √© o que est√° agora no ddr5 e os leds s√£o legais', 'Memorias de la ya mas que conocida marca Corsair, muy rapidas, con una latencia baja y potentes. Leds que se pueden modificar con el sofware ICue tanto color velocidad, etc ..hacen que luzcan espectaculares. Muy bonitas, super rapidas y eficientes. a un buen precio Totalmente recomendadas', 'Eles chegaram perfeitamente e sem problemas, s√£o r√°pidos e suas luzinhas com o Corsair icue s√£o um entretenimento √† parte.', 'Buena RAM, buena marca, buena velocidad, si las encuentra en oferta, vale la pena, para dejar la opci√≥n a ampliar posteriormente', 'Van volando,aunque siguen estando un poco caras pero merecen la pena', 'Muy buena RAM, con RGB, a pesar que me queda tapado por el disipador de la CPU queda bonito igualmente, rendimiento muy bueno.', 'Perfecto pack de RAM. Con el tiempo coger√© otras 2.', 'Los RGB claramente le dan 50 fps a todos tus juegos... vale ya sabemos que no, pero y lo bonitos que son? Yo no s√© de d√≥nde han sacado los leds los de Corsair porque los RGB de esta ram tienen una potencia lum√≠nica que parecen linternas. De hecho en un pc lleno de lucecitas destacan por encima de lo...', 'RAM con una funcionamiento y potencia perfectos, los materiales y el acabado se notan que son de calidad. Por otra parte el RGB que pasa a ser algo secundario es muy bonito est√©ticamente. Quiz√°s el precio sea algo elevado, pero es normal ya que es un producto de calidad.', 'Las compr√© en marzo y en septiembre,se ha jodido una de ellas por la cara.... Empez√≥ mi pc a dar sintomas de Ram en mal estado,y efectivamente una de ella esta jodida...Espero que Pccomponentes lo verifique y lleguemos a un acuerdo. Obviamente no la recomiendo.', 'Tengo una placa base de Asus de primera con la bios actualizada y no llega a la capacidad que pone la memoria. Me siento enga√±ado no las compren', 'Memoria RAM muy r√°pida, DDR5 es el futuro y aunque lamentablemente se paga un sobre precio si hay actualizar el PC es aconsejable dar el paso para que perdure en el tiempo.', 'Muy buenas memorias, pero, seg√∫n ASUS, no son compatibles con la placa ASUS ROG STRIX B650-A WIFI GAMING. Tuve que descambiarlas, aunque son una aut√©ntica pasada.', 'Corsair Vengeance RGB DDR5 5600MHz 32GB 2x16 GB CL36,que decir de esta marca,potentes y con mucha velocidad', 'Memorias optimizadas para intel con unas frecuencias y latencias de mayor calidad no esperes mas y cogelas']",58
Thermal Paste,Arctic MX-4 2019 Pasta T√©rmica 4 Gramas,Componentes de computador,7.94,PC Componentes,4.8,"['para pc gaming n√£o recomendo agora para uso normal acredito que seja boa s√≥ √° comprei mesmo para desenrascar mas tirando isso n√£o √© tbm das piores', 'A pasta t√©rmica √© um produto gen√©rico e h√° pouco espa√ßo para diferencia√ß√£o. Por√©m, √© aconselh√°vel gastar um pouco mais neste produto, por qu√™? Porque al√©m de uma seringa confort√°vel, densidade adequada e dissipa√ß√£o perfeita, √© uma seringa grande, e a menos que voc√™ monte PCs todos os dias, se coloca...', 'A pasta t√©rmica √©, de forma resumida, uma pasta que conduz o calor produzido pelos componentes (CPU e GPU) at√© ao dissipador. Por fazer um trabalho muito importante, √© indispens√°vel escolher uma boa pasta t√©rmica. Neste post iremos apresentar-lhe os fatores a ter em conta ao adquirir uma!', '√â uma pasta t√©rmica com qualidade, aconselho a espalhar bem, usando um cart√£o plastificado, na minha primeira experi√™ncia n√£o espalhei bem e n√£o tive a melhor performance a n√≠vel de redu√ß√£o de temperaturas. Mudei depois usando a t√©cnica e funcionou bastante bem', 'Eles me recomendaram essa pasta t√©rmica e a verdade √©, sem reclama√ß√µes, mais de um ano com ela bota na minha cpu e n√£o superaquece, n√£o seca nem nada e muito barato, chegou mais cedo do que me disse, t√£o perfeito', 'Devo dizer que a pasta t√©rmica Arctic MX-4 2019 4 Gram tenho duas gerrimnguillas em minha casa e usei-a para um processador Ryzen 7 3800X com um dissipador DEEP COOL GAMMAXX GT S-RGB e dizer que sempre tem sido muito bom para mim ter usado v√°rias pastas de diferentes fabricantes', 'pre√ßo e condutividade t√©rmica numa loja perto de s√≠. :) pre√ßo e condutividade t√©rmica numa loja perto de s√≠. :)', 'La que siempre uso. La √∫ltima me ha durado 6 a√±os, hasta que cambi√© mi procesador. Cumple su cometido a precio razonable.', 'Recebido em tempo record. Dou os parab√©ns √† PC Componentes pelo tempo record na entrega do produto. Parab√©ns. Muito bem acondicionado e em perfeitas condi√ß√µes.', 'Para n√≥s que queremos construir o nosso pr√≥prio computador, √© o melhor e em termos de qualidade, pre√ßo, o euro que paguei s√≥ pelo discurso.', 'Uma das melhores pastas t√©rmicas do mercado. Com este tamanho, voc√™ precisa montar de 6 a 8 times. Ele mant√©m a temperatura muito bem (com um bom dissipador de calor).', 'Pasta t√©rmica que n√£o precisa de apresenta√ß√£o Uma das melhores se n√£o for mesmo a melhor. 4Gr d√° para muitas aplica√ß√µes.', 'uma das melhores massas, e de maior fama, nada a dizer. ela faz o seu trabalho. e dura muito tempo', 'A qualidade e o pre√ßo s√£o consistentes ent√£o gostei muito, at√© agora n√£o me deu problemas.', 'Funciona bem, f√°cil aplica√ß√£o ... e sobra muito macarr√£o, ent√£o guarde bem ou use em outro componente sem problemas.']",2411
ASUS TUF Gaming NVIDIA GeForce RTX 4070 Ti Super,ASUS TUF Gaming GeForce RTX 4070 Ti SUPER OC Edition 16GB GDDR6X DLSS3,Componentes de computador,1046.00,PC Componentes,4.9,"['Una GPU que me ha sorprendido excesivamente para bien, pens√© que compraba un producto para jugar a una resoluci√≥n de 1440p ultrawide y me ha sorprendido el excelente rendimiento que obtienes en 4k', 'Buena gr√°fica, est√©ticamente bonita, temperaturas estables, yo personalmente me compre este modelo por la placa que tb es TUF.', 'Es Una Bestia, te corre el buscaminas a fps infinito, te va a correr cualquier juego, hacer cualquier tarea, tu piensalo el lo hace, vale mucho pero valio la pena', 'Con Ad103 y ligeramente superior a su hermana gemela, la 4070, pero con 16G', 'Una de las mejores gr√°ficas, muy buen sistema de refrigeraci√≥n.', 'No la uso para jugar, la uso para dise√±o y va genial, las temperaturas est√°n muy controladas con los ventiladores y el disipador, apenas se escuchan los ventiladores', 'Precio ajustado y rendimiento correcto, necesitas espacio en pc.', 'Muy potente, puede con todo en 2k salvo en juegos muy mal optimizados... Cities Skylines 2 o Ark Ascended por ejemplo. 4k seguramente funcione muy bien tambi√©n pero no tengo un monitor 4k. Prefiero jugar a altos FPS que jugar con mayor calidad pero justito de rendimiento.', 'Lo mejor en cuanto calidad precio. Ahora mismo hay una variedad de modelos y gamas que es para volverse loco, pero me fi√© de las recomendaciones de las reviews y sobretodo Nate, en Twitch. La verdad es que la calidad premium que tiene la gente de asus, no la tienen otros. FULL recomendable', 'Muy contento con esta gran tarjeta gr√°fica. Va todo en ultra y RT al m√°ximo tanto en 2k como en 4k sin bajar de los 60 fps.', 'Muy buen producto, hasta el momento ningun tipo de problema (Producto reacondicionado), envio muy rapido Muy bien por PcComponentes, Gracias.']",14
